aquire==acquire@@quire@@squire
propotions==proportions@@promotions
unsuprisingly==unsurprisingly
your==your@@yours@@you@@yous@@pour@@dour@@jour@@tour@@our@@bour@@hour@@four@@lour@@sour
halp==hap@@hasp@@halt@@hal@@half@@hall@@palp@@halo@@alp@@hals@@halm@@help@@harp@@hale
withdrawl==withdrawal@@withdraws@@withdraw@@withdrawn
afficionado==aficionado
resturants==restaurants
refrence==reference
insted==instead@@instep
teh==tech@@meh@@tex@@ted@@tee@@tea@@tel@@tet@@ter@@ten@@neh
exprience==experience
concieted==concreted
adres==padres@@adores@@cadres@@andres@@aires@@acres@@ares
ammount==amount
cheif==chef
slowy==slowly@@showy@@slow@@slows@@snowy
quitted==quieted@@quilted@@quitter
villification==vilification
nuturing==nurturing@@suturing
respectivly==respectively
befor==before
heared==sheared@@hearted@@heard@@headed@@heaped@@heaved@@healed@@heated@@geared@@teared@@reared@@eared@@seared@@hearer@@feared@@neared
milion==million@@milton@@ilion@@minion
posion==potion
morroccan==moroccan
opprotunity==
retreive==
unsucessful==unsuccessful
preceeds==proceeds
dissappointed==disappointed
familes==families@@famines
accordingto==according to
hasbeen==has been
guiness==guinness@@guineas
aniversary==anniversary
victms==victims
geneology==genealogy
chekc==cheka
sacrifical==sacrificial
reccomendation==
impecable==impeccable
wehn==wean@@wen@@ween
decison==decision
intrusted==entrusted
hapen==happen@@hapten@@papen@@haven@@hagen
aplied==applied@@allied@@plied
philosopy==philosophy
litle==little@@title@@lille@@lite@@litre@@lisle@@lithe
tattooes==tattooed@@tattoos
enviromentally==environmentally
ghandi==
pratice==practice
chemcial==
tavel==tavel@@travel@@navel@@havel@@gavel@@tael@@ravel
resturant==restaurant
performace==performance
thrid==
governer==governor@@governed
origional==original
changeing==changeling@@changing
flourescent==florescent
dicover==discover
itneresting==
beseiged==
allready==already
acclimitization==acclimatization
sneeks==seeks@@sneaks@@sneers
reveiw==
excelent==excellent
freindly==
vigilent==vigilant
bouyant==
remeber==remember
offically==officially
contributer==contributor@@contributes@@contributed@@contribute
neccessarily==necessarily
tje==toe@@tee@@tue@@tie@@the
equivilent==equivalent
mabey==mabel@@matey
amusment==amusement
lisence==licence
unkown==unknown
catagories==categories
recomendation==recommendation
definate==definite
beleive==
bellweather==bellwether
abandonned==abandoned
ammend==amend
alomst==
seldomly==
preperations==preparations
writting==witting@@writhing@@gritting@@writing
soley==solely@@holey@@coley@@foley@@soles@@sole@@soled
woudln't==
gameboy==game boy
collegues==colleagues@@colleges
lvoe==lvov@@voe
enviroments==environments
inthe==in the
you're==you're@@you've
pinapple==pineapple
visting==visiting@@listing@@misting@@vesting
originially==originally
becasue==
charcters==characters@@charters
aparently==apparently
availabe==available
peolpe==
jouney==journey
cheep==cheep@@creep@@cheap@@cheek@@heep@@sheep@@cheer
paticular==particular
ocurred==occurred
activites==activities@@activates
recuiting==recruiting@@reciting
degress==regress@@egress@@digress@@depress@@negress@@degrees
doens't==
muic==music@@mic@@muir
weathe==weather
aparment==apartment
tommorow==
consistantly==consistently
auxillary==axillary@@auxiliary
intrest==interest
witn==with@@wits@@wite@@witt@@wit@@win@@wien
theri==there@@therm@@cheri@@teri@@sheri
conciousness==consciousness
vidoes==
cooporate==corporate@@cooperate
belligerant==belligerent
sasy==sassy@@say@@sash@@sask@@sass@@easy
anbd==and
dosen't==
concidering==considering
onyl==onyx
wherre==wherry@@where
freinds==
expecially==especially
chocalate==chocolate
bizzare==
fictious==factious@@fictions
wayword==wayward
poety==poetry@@pouty@@potty@@poets@@poesy@@piety@@poet
pavillion==pavilion
maneouvre==
persistant==persistent
talkign==
alterior==ulterior@@anterior
guerrila==guerrilla
untill==until
statments==statements
musican==musician@@musical
warrent==warrens@@warrant@@warren
independece==independence
expierence==
withthe==with the
competant==competent
waether==whether@@wether@@aether
abilties==abilities
deside==beside@@reside@@desire@@decide@@deride
particularily==particularly@@particularity
shcool==shool
thats==that's@@that@@thaws@@whats@@chats@@twats@@hats@@tats@@ghats@@teats@@thais
andd==add@@andy@@and
diferences==differences
obediant==obedient
whants==whats@@chants@@wants
scedule==schedule
chrismas==christmas
artice==article@@artie
paralell==
cna==cana@@cha@@ana@@ina@@una
wroking==broking
veiws==veils@@veins
possesion==possession
houshold==household
waht==waft@@watt@@wat@@baht@@wast@@walt@@want@@wart@@wait
effeciently==efficiently
charactor==character
triathalon==triathlon
succesful==successful
publically==
ocurr==
occassion==occasion
didnot==did not@@didn't
hillarious==hilarious
cusotmers==
apparantly==apparently
techician==technician
eventally==eventually
descendent==descendent@@descendant
catapillars==
accordian==accordion
wnat==what@@wat@@gnat@@nat@@anat
ingrediant==ingredient
bankrupcy==bankruptcy
peircing==
godess==goddess@@godless
consistancy==consistency
hadbeen==had been
dissapoint==
judgment==judgment@@judgement@@judgments
varient==variant
earlies==earliest@@earlier
potatos==potatoes@@potato
controvercy==controversy
dificulty==difficulty
appartment==apartment
potatoe==potatoes@@potato
profesor==professor
soical==stoical
repentence==repentance
caffein==caffeine
equivilant==
contruction==construction@@contraction
legitamate==legitimate
conspiracys==conspiracy
jospeh==
facinated==fascinated
translater==translator@@translated@@translates@@translate
iritated==irritated@@imitated
weddin==wedding
reciepts==
temperture==temperature
millenial==millennial
beacuse==
naieve==naive
unnecesary==unnecessary
wrod==wood@@prod@@rod@@trod
ususally==usually
musi==music@@musil@@musk@@muss@@mus@@must@@mush@@muse
memeber==member
transistion==transition
youve==you've
effecient==efficient
familar==familiar
mispellings==misspellings
stirrs==stirs
subconsiously==subconsciously
addtional==additional
measurment==measurement
annointed==anointed
jaques==jacques
nuremburg==nuremberg
teached==reached@@beached@@leached@@teaches@@teacher
ohter==otter@@outer
choosen==chooses@@chooser@@choose@@chosen
almots==allots
intergration==integration
ceasar==cesar
shoppin==shopping
tiem==tim@@tie@@tied@@ties@@them@@diem@@tier@@teem
conect==connect
consession==concession@@confession
totaly==totally@@total@@totals
consquences==consequences
pilgrimmages==pilgrimages
similiarly==similarly
procedes==precedes
perseverence==perseverance
litttle==little
hapening==happening
aand==gand@@wand@@hand@@sand@@band@@land@@and@@rand
gonig==gong
vegitarian==vegetarian
feilds==
aquired==acquired
irrelevent==irrelevant
inherantly==inherently
noteable==notable
posessions==possessions
ballance==ballance@@balance
colaborations==collaborations
basicly==
owrk==
comunity==community
wereabouts==whereabouts@@hereabouts
annouced==announced
unbeleivable==
onlin==online@@olin
coffe==coffee@@coffey@@coffer@@coff
konw==kong
dictinary==dictionary
accomodations==accommodations
agianst==
persuit==pursuit
wnated==
millenia==millennia
fiercly==fiercely
thatthe==that the
oppertunity==opportunity
napolean==napoleon
implimented==implemented
rememberance==remembrance
pallette==pallette@@paulette@@palette
cofee==coffee@@cooee
defintion==definition
intresting==interesting
suprizing==
agains==against@@gains@@again
reminescent==reminiscent
openess==openness@@openers@@oneness
supress==suppress
britian==
comissioned==commissioned
immediatly==immediately
achievments==achievements
harrasment==
thnksgiving==thanksgiving
verison==venison@@verizon
embarassment==embarrassment
upto==up to@@upton@@updo@@unto
peices==peaces@@prices
inconsistant==inconsistent
noveau==nouveau
actualy==actually@@actuary@@actual
permanant==permanent
quik==quick@@quirk@@quid@@quiz@@quip@@quit@@luik@@quin
beggining==
clas==clasp@@clash@@claws@@claps@@class@@clays@@colas@@claus@@clams@@clans@@claw@@clap@@clay@@clad@@las@@alas@@clos@@clam@@clan
consistant==consistent
tihs==tits@@tics@@tips@@ties@@tins
otehr==
ytou==you
satelites==satellites
quaters==quarters@@quakers@@quavers
perade==pervade@@parade
paralel==parallel
offcially==officially
restauraunt==restaurant
alwyas==
persued==pursued
marmelade==marmalade
makeing==making
attemp==attempt
copywrite==copywriter
orignally==originally
wass==wasps@@wasp@@wash@@wast@@ways@@sass@@wags@@pass@@tass@@was@@ass@@bass@@lass@@wuss@@wads@@wars@@mass
malcom==malcolm
admited==admitted@@admixed@@admired
peom==pom@@prom@@peon@@geom@@perm
tuscon==tuscon@@tuscan
stuctured==structured
heavan==heaven
audiance==audience
embarrased==embarrassed
conjuction==conjunction@@conduction
devasting==
carefull==carefully@@careful
delerious==delirious
likly==likely@@lilly@@lily
tongiht==
doe snot==
guidlines==guidelines
exagerrated==
offerd==offered@@offed@@offend@@offers@@offer
alreday==
becaus==because@@beaus
tonsilitis==tonsillitis
liason==liaison
confectionary==confectionary@@confectionery
pidgeon==widgeon@@pigeon
penatly==
firends==fiends
comando==commando
immediatley==
rendevous==rendezvous
unprecendented==unprecedented
safty==safety@@softy@@salty
gurantee==guarantee@@grantee
philipines==philippines
traditition==
surronded==surrounded
seinor==senor@@seiner
strugle==struggle
accidently==
attened==battened@@fattened@@attended@@attuned@@attend
funy==funky@@fundy@@funny@@puny@@funk@@fun@@fury@@fund
whcih==
penninsula==peninsula
formely==formerly
photograp==photograph
tatoos==tattoos@@taboos
proclomations==proclamations
efford==effort@@afford
archaelogical==archaeological
comeing==comping@@combing@@coming
playwrites==
facist==fascist@@racist
ocasion==occasion
congradulations==congratulations
dramtic==dramatic@@drastic
matress==mattress
vidoe==vide
trafficing==trafficking
circut==circuit@@circus
almsot==
exagerate==exaggerate
interupt==interrupt
eligable==eligible
apparant==apparent
woudl==
assasin==assassin
proprietory==proprietors@@proprietary@@proprietor
noticeing==noticing
paraphenalia==paraphernalia
glases==glasses@@glaces@@glazes@@glass@@glades@@glares@@gases@@glaser
indespensible==
beakfast==breakfast
harrasses==harasses
entrepeneurs==entrepreneurs
matresses==mattresses
quetions==questions
quater==quarter@@quaker@@quaver@@quoter
yhe==he@@che@@the@@she
occuring==occurring
brodcast==broadcast
practioners==
harrassed==harassed
baout==bout
anomolies==anomalies
amercia==mercia
glamourous==glamorous
dollers==dollars@@rollers@@hollers
supprt==support
speach==speech@@peach
propper==propped@@popper@@cropper@@proper@@prosper@@dropper
celcius==celsius
accessable==accessible
restaraunt==
sotry==sorry
ganes==ganges@@gaines@@gangs@@panes@@vanes@@banes@@canes@@wanes@@gapes@@gates@@games@@gales@@gazes@@lanes@@gases@@danes@@manes@@genes
layed==flayed@@played@@slayed@@payed@@bayed@@laced@@lazed@@lamed@@lated@@layer@@laded
gerat==gera@@herat
candidiate==candidate
muder==murder@@mulder@@muser@@ruder
harrass==harass
vaction==vacation@@faction@@action
inteligence==intelligence
handfull==handfuls@@handful
currenly==currently@@currency
suprise==surprise@@sunrise@@uprise
througout==throughout
spagetti==spaghetti
orginated==originated
dispaly==
refridgerator==refrigerator
arogant==arrogant
somthing==something@@soothing
tehy==techy@@thy
mischievious==mischievous
gaints==gaits@@glints@@paints@@taints@@saints@@gains@@faints@@gaines
scince==science@@sconce@@since
comission==commission@@omission
ocassionally==
hesistant==resistant@@hesitant
compair==compar
powerfull==powerfully@@powerful
embarras==embarrass
developped==developed
garanteed==guaranteed
gauranteed==
threatning==threatening
libary==library
suprize==
decieved==
afficianados==
ammended==amended
discribe==describe
foudn==
showe==showed@@shower@@showy@@showa@@show@@stowe@@shove@@shote@@shows@@howe@@shown@@shone@@shore@@shoe
modles==modules@@oodles@@moles@@modes
cemetaries==cemeteries
florescent==florescent@@fluorescent
recived==received@@recited@@revived@@relived
wonderfull==wonderfully@@wonderful
unneccesary==
preferrably==preferably
fisrt==fist
accomodate==accommodate
marrage==marriage@@barrage
collosal==
prevelant==
cannnot==cannot
rehearsel==rehearsal@@rehearsed@@rehearses@@rehearse
expresso==espresso@@express
potrayed==portrayed
wresters==wrestlers@@wrester
incidently==
morgage==mortgage
sinse==sins@@sine@@singe@@since@@sense@@rinse
reponse==response@@repose
oposite==opposite
marjority==majority
appologies==apologies
resistent==resistant
puting==putting@@pouting@@punting@@putin@@outing@@puking@@muting
premission==remission
competiveness==
dont==don't@@wont@@ont@@dot@@dolt@@cont@@font@@dost@@doit@@dunt@@don@@dons@@mont@@dona@@dort@@done@@dong@@donn@@dent@@dint
dissapearing==
posess==possess@@poses@@posers
commisioned==commissioned
recepients==recipients
postion==position@@potion@@portion
decaffinated==decaffeinated
persistance==persistence
lsat==sat@@lat
their==their@@theirs@@heir
pronouced==pronounced
commisioner==commissioner
dispair==despair
assigments==assignments
itnerest==
wheather==whether@@weather@@heather
potrait==portrait
themslves==themselves
unlikey==unlikely@@unlike
sterotypes==stereotypes
sevices==services@@devices
regulary==regularly@@regulars@@regular
theif==their
throughtout==throughout
continous==continuous
mispelling==misspelling@@dispelling
nusic==music
ressurection==
campain==campaign
glas==glads@@glass@@galas@@glans@@gas@@glad@@las@@alas@@glam
receieve==receive
embarrasment==embarrassment
desireable==desirable
preferrable==preferable
contraints==constraints
comany==company@@romany
gaurantees==
dieing==dieting@@dyeing@@dicing@@diking@@diving@@dining
resourses==resources
phillipine==
moutain==mountain
priveledges==
charaters==characters@@charters
bulling==bulling@@bullying@@bullring@@bulging@@billing@@lulling@@fulling@@pulling@@bulking@@culling@@balling@@mulling@@belling@@dulling
weding==wedging@@weeding@@wedding@@wending@@welding@@weeing@@ceding@@wading
tahn==tan@@kahn@@hahn@@tahr@@tain@@tarn
hasnt==hasn't@@hast@@haunt
artifical==artificial
proove==groove@@prove
thigns==thighs@@thins
aginst==against
hypocrits==hypocrites@@hypocrite
taht==taft@@tat@@tact@@baht@@taut@@tart@@tahr
freindship==
champange==
simplier==simpler
wunderful==wonderful
litterally==literally
responsiblity==responsibility
happended==happened@@appended
reffering==
strenght==
someting==something
reguarly==regularly
oponent==opponent
upcomming==upcoming
independance==independence
betwen==between
ecclectic==eclectic
correcton==correction@@corrector
soem==som@@stem@@seem@@sem@@poem
surprizing==surprising
reciept==recept
milennium==millennium
disolved==dissolved
foget==forget@@roget@@fogey
folowing==following@@flowing
cincinnatti==cincinnati
restaraunts==
immidiately==immediately
hom==whom@@homo@@homs@@home@@holm@@hop@@how@@hoy@@hob@@hoo@@hot@@hos@@pom@@qom@@com@@rom@@tom@@hog@@hon@@hmm@@hod@@som@@ham@@hum@@him@@hor@@hoe@@hem@@dom@@nom
liquify==liquify@@liquefy
multipled==multiplied@@multiplex@@multiples@@multiple
unpleasent==unpleasant
abbout==abbott@@abbot@@about
critisized==criticized
inital==initial@@instal
charecter==character
runing==pruning@@running@@ruining@@tuning@@ruling
gradation==gradation@@gradations@@graduation
definatly==
efficency==efficiency
humer==humber@@hummer@@humor@@hume@@huber@@huger@@sumer@@homer
guttaral==guttural
abreviation==abbreviation
palce==palace@@pace@@pale
imediatly==
beautifull==beautifully@@beautiful
recomendations==recommendations
aweful==awful
occassionally==occasionally
jewlery==
beggers==beggars@@baggers@@buggers@@eggers
boundry==boundary@@foundry
doub==doubt@@doubs@@dub@@dob@@dou@@dour@@daub@@drub@@doug
eratic==erratic@@erotic
lazers==blazers@@glazers@@layers@@gazers@@lavers@@lamers@@lagers@@lasers
journies==
becuase==
onthe==on the
contined==continued@@contained@@confined
poeple==popple
literaly==literally@@literary@@literals@@literal@@literacy
acheivement==
counterfiets==
labled==labeled@@cabled@@gabled@@fabled@@tabled@@ladled
rythyms==
musuem==
postive==positive@@postie
millionare==millionaire
publicaly==publicly
perserverance==perseverance
alowed==allowed@@flowed@@glowed@@avowed@@slowed@@lowed
inlcude==
thikning==thinning
lightening==lightening@@tightening@@lightning
accomodating==accommodating
necesary==necessary
bandwith==bandwidth
anyother==any other@@another
benifit==benefit
ilness==illness
definetely==definitely
relized==realized@@resized@@relived@@relied
condolances==condolences
succes==success
strat==strata@@strath@@strati@@strait@@stoat@@stat@@stray@@straw@@strap@@sprat@@surat@@strut
chuch==church@@chuck@@couch
importent==impotent@@important
planed==planed@@planned@@planked@@planted@@played@@plated@@placed@@paned@@planes@@planet@@plane@@planer
strenous==strenuous
hsa==hasa@@asa
probelm==
usally==usually@@sally
monts==mounts@@months@@montes@@moots@@mots@@fonts@@moats@@month@@monty@@mont@@monks@@mons@@monas@@monte@@mints
hsi==hui@@psi
appartments==apartments
unecessary==unnecessary@@necessary
ackward==backward@@awkward
cieling==
marraige==
differance==difference
monickers==monikers
masterbation==masturbation
haveing==havering@@having
senstive==sensitive
desision==decision@@derision
firey==frey@@fire@@fired@@fires@@firer
importnat==
foriegn==
yuo==yugo@@yuk@@yup@@quo@@yum@@duo
wasnt==wasn't@@wast@@want
originaly==originally@@originals@@original
hte==hate@@hts@@rte@@he@@hoe@@hue@@hae@@ate@@ste@@hie@@ute
pratical==piratical@@practical
assistent==assistant
whereever==wherever
reversable==reversible
succesfully==successfully
footblal==
phillippines==philippines
suprising==surprising@@uprising
affraid==afraid
privte==private
goign==
writng==writing@@wring
accomodation==accommodation
guiseppe==
cannisters==canisters
millon==million@@villon@@billon@@dillon@@milton@@mellon
guranteed==guaranteed
acheivements==
yatch==patch@@watch@@catch@@hatch@@batch@@latch@@match@@natch
traditionnal==traditional
existance==existence
doesnt==doesn't
unconvential==
beng==beng@@being@@belg@@bang@@byng@@bung@@benz@@bens@@beg@@ben@@bent@@bong@@bend@@berg@@beni@@eng@@peng@@deng
gurantees==guarantees@@grantees
aslo==oslo@@arlo
becouse==because
payed==payed@@spayed@@played@@prayed@@pawed@@payee@@paved@@paned@@bayed@@paced@@paled@@pared@@paged@@payer
hypocrit==hypocrite
pomes==pomes@@poms@@tomes@@pokes@@romes@@popes@@pones@@homes@@comes@@pome@@poles@@pores@@poses@@domes
htere==here
ont he==
hewas==he was@@hews
seperation==separation
blaim==claim@@blair@@blain
reenforced==reinforced
controvercial==controversial
persuing==pursuing@@pershing
entrepeneur==entrepreneur
surounded==surrounded
signifigant==significant
acceptence==acceptance
lonelyness==loneliness
wether==wether@@wethers@@whether@@weather@@wetter@@tether@@aether@@wither@@ether@@nether
conquerer==conquerer@@conqueror@@conquered
resonable==reasonable
attemped==attempted
aboutthe==about the
drunkeness==drunkenness
propogate==propagate
geting==getting@@gating@@meting
resorces==resources
loev==lev@@loeb
accesories==accessories
theather==theater@@heather
seperating==separating
comback==comeback
pasttime==pastime
panites==
adress==address@@dress
critisize==criticize
giveing==giving
dalmation==dalmatian
propogation==prorogation@@propagation
charasmatic==charismatic
stroy==stroy@@troy@@stray@@strop
coudn't==couldn't
inflamation==inflammation
maintainence==
pantomine==pantomime
resteraunts==
advertisments==advertisements
wholey==wholly@@whole@@wholes@@holey
sleding==sledging@@sledding@@seeding@@sliding@@slewing
senarios==scenarios
peopel==propel
disasterous==disastrous
commerically==
threee==threes@@three
apparrent==apparent
tot he==
abouta==about a@@about
gaurentee==
inagurated==inaugurated
toghether==together
todays==today's@@today
govenment==government
thier==thief@@thieu@@tier@@shier@@trier
prostrate==prostrate@@prostrated@@prostate
alochol==
mysogyny==misogyny
occurences==occurrences
attendence==attendance
insistant==insistent
refernces==references
eurpoean==
fettucini==fettuccini
liveing==living
troups==troupes@@groups@@troops@@trouts@@troupe
commedy==comedy
peple==people@@peele@@pele@@peale
guatamalan==guatemalan
evoloution==evolution
awya==
recepient==recipient
nontheless==nonetheless
seperately==separately
partof==part of@@parton
cinamon==cinnamon
sevice==service@@device
poweful==powerful
acomplish==accomplish
postition==postilion@@position
follwoing==
inaccessable==inaccessible
tast==taste@@tasty@@toast@@task@@taft@@tat@@tact@@past@@cast@@hast@@wast@@fast@@oast@@vast@@bast@@taut@@last@@tass@@test@@tart@@mast@@east
countires==counties
faught==fraught@@taught@@caught@@fought@@aught
arived==arrived@@rived
vegtable==vegetable
yuor==
recipies==recipes
refridgeration==refrigeration
televsion==television
indispensible==indispensable
descendents==descendants@@descendent
reponsible==responsible
charactors==characters
guerilla==guerilla@@guerrilla@@guerillas
disatisfaction==dissatisfaction
snorkling==snorkeling
hous==house@@thous@@hocus@@horus@@hours@@hoys@@hos@@hows@@hots@@hogs@@hobs@@hops@@yous@@sous@@hols@@hus@@hons@@homs@@hods@@nous@@hour@@hoes
hinderance==hindrance
alcholic==alcoholic
exhalted==exhaled@@exalted
ukranian==ukrainian@@uranian
imcomplete==incomplete
responsiblities==responsibilities
breats==breasts@@breaths@@breads@@breaks@@greats@@treats@@bleats@@beats@@breath@@brats@@brents
agressor==aggressor
conveinent==
souvineers==
repblicans==republicans
recieve==relieve
ingrediants==ingredients
cigarrete==
processer==processor@@processed@@processes
graet==greet@@graft@@grant
dispicable==despicable
writen==written@@writes@@writer@@write@@whiten
roomate==roommate
bussiness==fussiness@@business
calculater==calculator@@calculated@@calculates@@calculate
comming==coaming@@comping@@combing@@coming@@cumming
agian==avian@@asian@@arian
bakc==baku@@banc@@bake
altho==alto
inot==ingot@@pinot@@minot@@knot@@not@@snot@@invt@@inst@@int@@init
becuse==because@@recuse
suspention==suspension
hypocracy==
idealogy==ideology
fistfull==fistful@@fistfuls
eduation==education@@equation@@eduction
mroe==moe@@roe
fufilled==fulfilled
wokr==wok@@woks@@woke
hundered==thundered@@hungered@@hunkered@@hindered@@hundred@@sundered
lieing==liming@@liking@@living@@lining
dependant==dependant@@dependants@@defendant@@dependent
aready==already@@ready@@arcady
janurary==january
particulary==particularly@@particulars@@particular
throught==thought@@through
maintainance==
rasberry==raspberry
masterbate==masturbate
alledges==alleges
werre==were
geuss==gauss@@seuss
finalyl==
endevour==endeavour
careing==carling@@carving@@carding@@carping@@caring@@carting
breakfest==breakfast
moeny==moony
alledged==alleged
poltical==political@@poetical
inadvertant==inadvertent
hampster==hamster
moent==moment@@moet@@mount@@mont
reccommended==recommended
relaly==relay
visably==visibly
catapillers==
tabacco==tobacco@@tabasco
peole==people@@poole@@peele@@pele@@pole@@prole@@peale
desparate==disparate@@desperate
nightime==nighttime@@nightie
oppurtunity==opportunity
fahion==fashion
womn==woman@@women@@womb@@won@@worn
driveing==driving
knwos==
lieved==sieved@@lived
whoes==wholes@@whores@@woes@@hoes@@shoes
bewteen==
privilage==privilege
suppy==supply@@soppy@@sappy@@suppl@@supp@@puppy@@guppy@@duppy
perhpas==
ocassional==
critisism==criticism
sqaure==
holliday==holiday
stucture==structure
recieved==relieved
fasion==fashion@@fusion
consitutional==constitutional
beccause==because
confortable==comfortable@@conformable
reciever==reliever
do'nt==
seach==search@@sech@@beach@@peach@@leach@@each@@teach@@reach
grimey==grimly@@grimy@@grimes@@grime
recieves==relieves
compleatly==
fufill==fulfill
maintenence==maintenance
lisense==license
believeable==believable
decendent==descendent@@decedent@@dependent
goverment==government
althought==although
usualy==usually@@usual
charachter==character
esle==esse@@isle@@este
constanly==constantly@@constancy
churchs==churches@@church@@churchy
lazyness==laziness
proccess==process
defendent==defendant@@dependent
instuments==instruments
opponant==opponent
philosphy==philosophy
mysefl==
imediately==immediately@@mediately
ubiquitious==ubiquitous
howver==however@@hoover@@howler@@hover
foward==froward@@forward@@howard@@coward@@toward
finacial==financial
irreplacable==irreplaceable
valuble==valuable@@voluble
preperation==preparation
enthusiatic==enthusiastic
univeral==universal
relevence==relevance
visable==disable@@visible@@viable
asthetic==aesthetic@@asthenic
northen==northern@@northmen@@norther
knifes==knifes@@knives@@knife@@knifed
possiblities==possibilities
conection==convection@@confection@@connection
causalities==causalities
interchangable==interchangeable
childen==children@@childe
sucessfully==successfully
lastyear==last year
conviently==
transending==transcending
attorny==attorney@@attorn
attendent==attendant
controled==controlled
peopl==people
imigration==immigration@@emigration@@migration
afterthe==after the
atthe==at the
seing==sexing@@sewing@@seeing@@swing@@sling@@suing@@sing@@sting@@seine@@being
polical==
caterpiller==caterpillar
commom==common
acciden==accident
peope==people@@pope
consious==conscious
impliment==implement
sheild==sheila
asume==assume
exellent==excellent
higway==highway
somtimes==sometimes
liasion==
saveing==saving
soliders==solider@@sliders@@solders
percieved==
existant==existent
abotu==
chosing==choosing@@closing@@choking@@chowing@@chasing@@hosing
buddist==buddhist
htey==hey@@huey
tatto==tattoo@@tatty@@tanto
restuarant==
carribean==
ecstacy==ecstasy
relient==relent@@reliant
appearence==appearance
diffrent==different
prepair==prepaid@@repair
accoustic==acoustic
firts==firsts@@flirts@@forts@@fits@@fists@@firth@@firs@@farts@@fires@@firms
reserach==
heatrs==heaters@@heats@@hears@@heaths
carribbean==caribbean
htis==hts@@otis@@his
assocation==association
mouthfull==mouthfuls@@mouthful
fromt he==
accomodated==accommodated
exerpts==excerpts@@exempts@@exerts
acquaintences==acquaintances
recieving==relieving
alchohol==alcohol
avaliable==
unforgetable==unforgettable
gaurantee==
charector==
corruptable==corruptible
surprizingly==surprisingly
missisippi==mississippi
furnature==furniture
accomodates==accommodates
proces==process@@proves@@probes@@proles@@prices
iwll==i'll@@ill
a nother==another
messanger==messenger
sargeant==sargent@@sergeant
dosn't==doesn't@@don't
noticable==noticeable
monestaries==
tattos==tattoos@@tattoo
lingere==lingered@@lingerie@@lingers@@linger
schedual==
tolkein==
mountians==
noticably==noticeably
parliment==parliament
controversey==controversy
plesant==pleasant
sence==spence@@seance@@since@@sense@@sente@@sene@@fence@@hence@@pence
indenpendent==independent
harrassment==harassment
yeilding==
alltogether==altogether
unconciousness==unconsciousness
developements==developments
neigborhood==neighborhood
especally==especially
ressurect==
alchoholic==alcoholic
posesses==possesses
prominant==prominent
posessed==possessed
faciliates==facilitates
tendancies==tenancies@@tendencies
sufferred==suffered
sot hat==
rediculous==ridiculous
basicaly==basically
forthe==for the@@forth@@forte
lenght==
millenium==millennium
allthough==although
venemous==venomous
assymetrical==
wather==watcher@@weather@@wether@@wither@@cather@@bather@@gather@@mather@@rather@@lather@@father@@washer@@water
wholy==wholly@@whole@@holy
targetted==targeted
scandanavia==scandinavia
suprized==
indepedence==independence
neigbourhood==neighbourhood
synonomous==synonymous
surprize==surprise
banannas==bandannas@@bananas
stright==straight
presumabely==presumably
stregth==strength
gaurd==gaud@@gourd@@gard@@gaur
twon==two@@twos@@won@@ton@@twin@@tron
morroco==
polution==pollution@@volution@@solution
ect==rect@@lect@@sect@@echt@@jct@@oct@@pct@@act@@eft@@ext@@eck@@ecu@@eco@@eat@@est
girlfiend==girlfriend
experianced==experienced
fron==frown@@front@@freon@@frond@@from@@fro@@tron@@pron@@iron@@aron@@ron@@frog@@fran
attendents==attendants
spred==spread@@spared@@pred@@sped@@speed@@sired@@spree@@shred@@spied
enviorment==
extentions==extensions
nothern==northern
recommedations==recommendations
footbal==football
lookiing==looking
harrasing==
controversal==controversial
fascade==cascade@@facade
probaly==probably
excell==excels@@excel
committment==commitment
surpress==suppress
apartement==apartment
coputer==computer@@copter
danceing==dancing
fullfill==fulfill
opression==oppression
gutteral==guttural
poms==poms@@proms@@pomes@@poems@@poss@@pos@@pots@@poos@@pops@@pols@@pomp@@pom@@pms@@toms@@oms@@pons@@pods@@homs@@pome
idiosyncracy==idiosyncrasy
controlls==controls
apprearance==appearance
catergorized==categorized
occurance==
admissable==admissible
naturaly==naturally@@naturals@@natural
agin==again@@fagin@@aging@@agon@@agio@@akin@@ayin@@ain@@gin@@amin
strenghten==
decisons==decisions
acros==macros@@across@@afros@@acres
imaginery==imaginary
spontanous==spontaneous
outof==out of
recomend==recommend
negociated==negotiated
wierd==wield
intersting==interesting
fullfilled==fulfilled
architecht==architect
acquaintence==acquaintance
apperances==appearances
referal==referral
aeriel==ariel@@aerial@@aerie
alchol==alcohol
continously==continuously
dissapointed==
incuding==including
commitee==committee
initally==initially
commited==committed@@commuted
comercial==commercial
nothign==
aswell==as well@@swell@@aspell
iwth==isth
volumne==volume
profilic==
exhibitons==exhibitions@@exhibitors
funguses==
dessicated==
calandar==calendar
frst==first@@frost@@fast@@frt@@fest@@fist@@frs@@frat@@fret@@erst@@frit
foootball==football
improvemnt==improvement
consern==concern
surprized==surprised
superintendant==superintendent
frome==fromm@@rome@@from@@froze@@frame
incorprates==incorporates
ehr==lehr@@exr@@eur@@chr@@phr@@ear@@shr@@err
olimpic==olympic
beggin==begging@@biggin@@begin
heathy==heathy@@healthy@@heath@@heaths
destoyed==destroyed
gaurenteed==
containg==contain@@contains
concensus==consensus
refernce==reference
quesions==questions
isnt==isn't@@int
proffesion==
dissapears==
nver==never@@tver@@aver@@ever@@over
borke==bork@@bore@@burke@@borne
centruy==centrum
myu==my@@mys
wouldnt==wouldn't@@wouldst
comunicate==communicate
rarified==ratified@@rarefied@@ramified
everday==everyday
terroist==terrorist
noteriety==notoriety
extravagent==extravagant
mariage==marriage
movment==movement@@moment
occurence==occurrence
accidentaly==accidentally@@accidentals@@accidental
caost==cost@@cast@@canst
vacume==
commiting==committing@@commuting
disapeared==disappeared
austrailia==australia
beastiality==bestiality
nickles==nickles@@pickles@@tickles@@sickles@@nickle
critizing==
mosquitos==mosquitoes@@mosquito
lonley==conley
creche==creche@@creches@@cr�che
benifits==benefits
guarentee==guarantee
repellant==repellent
sorceror==sorcerer
eventhough==even though
photgraph==photograph
enviromental==environmental
devestating==devastating
beleives==
casue==casque@@caste@@case
anothe==another
accross==across
praries==prairies@@paries
wtih==
suprisingly==surprisingly
villin==villain@@villon@@villi@@violin
commandoes==commandos
calander==colander@@calender
recievers==relievers
sountrack==soundtrack
serivce==
comander==commander@@colander@@pomander
grammer==grammes@@gramme@@grammar@@crammer@@rammer@@gammer@@grimmer
controll==control@@controls
excercising==exercising
unfortunatley==
beleived==
hlep==hep@@heep
leathal==lethal
provacative==provocative
its==its@@pits@@zits@@wits@@gits@@kits@@it's@@tits@@bits@@fits@@hits@@sits@@dits@@nits@@cts@@hts@@pts@@qts@@ats@@dts@@ifs@@ito@@ivs@@is@@ids@@uts@@it
adn==adan@@aden@@adj@@awn@@avn@@adv@@add@@ado@@an@@ada@@ads@@adm@@ann@@ain
comparision==comparison
addtion==addition
occaisionally==occasionally
guage==gage@@gunge
prominantly==prominently
funtion==function
responsibilites==responsibilities
competative==competitive
rehersal==rehearsal@@reversal
soilders==solders
langauge==
saxaphone==saxophone
rised==risked@@raised@@prised@@rinsed@@vised@@wised@@rises@@riser@@rise@@rived@@riled@@risen
orginal==original@@ordinal
exludes==excludes@@exudes@@eludes
beeing==beefing@@beeping@@being@@peeing@@weeing@@boeing@@teeing@@seeing@@bering
creedence==credence
captial==
shreded==shredded
prision==prison
persue==pursue
concider==consider
contigent==contingent@@continent
perfomance==performance
scrapbookin==scrapbooking
happend==happened@@happens@@happen@@append
antartica==antarctica
mistery==mystery@@misters@@mastery@@misery@@mister
agre==agree@@ogre@@gre@@agra@@acre@@agr@@age@@ague@@agee@@are
cahracters==
andthe==and the
preceeded==proceeded@@preceded
inwhich==in which
follwo==
conferance==conference
stlye==stye
transcendant==transcendent
sower==sower@@shower@@slower@@sowers@@sowed@@sewer@@tower@@gower@@rower@@power@@mower@@dower@@bower@@sober@@lower@@cower
acquited==acquitted@@acquired
arised==arsed@@arise@@arises@@prised@@arisen
shouldnt==shouldn't@@shouldst
debateable==debatable
excellance==excellence
theyve==they've
prefering==preferring
dissapear==
comapany==company
tornadoe==tornadoes@@tornado
mysef==myself
explaination==explanation
chruch==
youare==you are@@you're
alligned==aligned
vacum==vacuum
refference==reference
becomming==becoming
excellant==excellent
descibed==described
particuarly==particularly
anounced==announced
obviosly==obviously
wanna==wanna@@wanda@@hanna@@janna@@anna@@canna@@nanna@@manna
syas==spas@@seas
gratuitious==gratuitous
reponses==responses@@reposes
mileu==milieu@@miles@@miler@@mile
mediteranean==mediterranean
indite==invite@@incite@@indie
gorcery==sorcery
symetrical==symmetrical
epsiode==
acording==according@@cording
philospher==philosopher
acomplished==accomplished
secuirty==
sponser==sponsor@@spenser
exampt==exempt
vengence==vengeance
apropriate==appropriate
beleagured==beleaguered
admissability==admissibility
familliar==familiar
posession==possession
tatoo==tattoo@@taboo
husban==husband
definitly==definitely
achivements==achievements
siezed==sieved@@sized
propoganda==propaganda
inteligent==intelligent
pilgrimmage==pilgrimage
assasinated==assassinated
prespective==prospective@@respective
swaer==
feburary==
demostration==demonstration
accomadate==
probelms==
oustanding==outstanding
everytime==every time
privelege==privilege
posessing==possessing
extream==
villian==lillian@@gillian@@jillian
ofthe==of the
embarassing==embarrassing
historial==historical@@historian
sytem==system@@stem
challange==challenge
theyre==they're@@there
rythem==
availible==available
liscense==license
manuever==
qoutes==routes
yaer==yer
everyting==everything
casues==cashes@@castes@@cases
worshipping==worshipping@@worshiping
resemblence==resemblance
abilty==ability
philisophy==philosophy
anual==annual@@manual@@anal@@annal
arrangments==arrangements
beleiving==
heirarchy==
occassional==occasional
prefered==preferred
unmistakeably==unmistakably
buliding==
extradiction==extradition
resturaunt==
suposed==supposed
casued==cashed@@cased
proceedure==procedure
helpfull==helpfully@@helpful
casette==cassette@@cadette
addopted==adopted
authorites==authorities@@authorizes@@authorises
necesarily==necessarily
formidible==formidable
priviledge==privilege
sophmore==sophomore
aboutit==about it
refered==refereed@@referred@@revered@@referee
spicey==spacey@@spicy@@spice@@spiced@@spices@@spicer
forhead==forehead
nickle==nickle@@nickles@@tickle@@pickle@@sickle@@fickle@@nicole
amd==amid@@amy@@add@@ald@@am@@amu@@amp@@amt@@aud@@ard@@aid@@ami@@and
unforgiveable==unforgivable
oft he==
undesireable==undesirable
androgenous==androgynous
arn't==aren't
destory==
finaly==finally@@final@@finals@@finely@@finale
collegue==colleague@@college
vistors==visitors@@victors@@visors
activly==actively
noticible==
pople==popple@@people@@poole@@pole@@pope
curiousity==curiosity
lable==liable@@labile@@cable@@fable@@gable@@sable@@table@@mable@@able@@ladle@@labe
minuts==minuets@@minutes@@minute@@minus@@mints
ommited==
indefinately==indefinitely
buffett==buffets@@buffet
brillant==brilliant
occassionaly==
absorbtion==absorption
responce==response
sincerly==sincerely
omelet==
committe==committer@@committee@@committed
seige==sedge@@seize@@beige@@serge@@seine
magnificient==magnificent
brocolli==
pricipal==principal
embarrasing==embarrassing
medival==medieval@@medical@@medial
resevoir==reservoir
somethign==
forseeable==foreseeable
decendents==dependents@@decedents
neccesary==
seperated==separated
resurecting==resurrecting
proffesional==
hygeine==
vigourous==vigorous
massachussets==massachusets
aggresive==aggressive
becomeing==becoming
witht he==
galatic==galactic@@galatia
shoping==shopping@@hoping@@showing@@sloping@@shaping@@scoping@@shoving@@shooing@@shoeing@@shoring
skillz==skills@@skill
similie==simile
wiull==will
bargin==bargain@@barging@@margin
pomegranite==pomegranate
peirce==peirce
compatable==comparable@@computable@@compatible
supresses==suppresses
preceeding==proceeding@@preceding
montains==mountains@@contains
supressed==suppressed
seperates==separates
derivitive==derivative
fistfulls==fistfuls
conneticut==connecticut
probly==
temerature==temperature
tomatos==tomatoes@@tomato
vide==vide@@video@@vive@@vice@@vibe@@vida@@vile@@vire@@vise@@vie@@bide@@gide@@hide@@wide@@tide@@aide@@side@@ride@@eide@@nide@@vine
grafitti==
albiet==
enduce==induce@@endure
experienc==experience
heros==heroes@@herons@@zeros@@eros@@hero@@hers@@herds@@herbs@@herod@@heres@@heron
sacreligious==
essense==essence@@essene
camara==canara@@tamara@@samara@@camera
coctail==cocktail
alltime==all-time
begining==beginning
obession==obsession
philosphies==philosophies
aquaduct==aqueduct
awsome==awesome
apon==capon@@apron@@apoc@@apo@@agon@@aton@@avon@@axon@@amon@@upon@@aron@@aeon@@anon
prestigous==prestigious
beaurocratic==
refect==prefect@@reflect@@reject@@defect
mispelled==misspelled@@dispelled
portugese==portuguese
laguages==languages
referrs==refers
conciously==consciously
liqour==
tomatoe==tomatoes@@tomato
mkae==mae
atention==attention
theyll==they'll
jewellry==jewellery@@jewelry
infomation==information
coudl==
politicans==politicians
avalance==avalanche@@valance
tothe==to the@@tote@@tithe
knive==knives@@knave@@knife
geneological==genealogical
afair==affair@@afar@@fair
masonary==masonry
incompatability==incompatibility
tghe==the
arguements==arguments
varities==varieties@@vanities@@parities@@rarities@@verities
consumate==consummate@@consulate
metalic==metallic
whith==with@@which@@whish@@whit@@whits@@white
happenned==happened
priviledges==privileges
perjorative==pejorative
girs==girds@@girls@@giros@@gigs@@gits@@girl@@gird@@giro@@gars@@girt@@firs@@airs@@sirs@@gins@@gers
oxgen==oxygen@@oxen
ocurrence==occurrence
deparment==department@@debarment
arund==around
greif==
inseperable==insuperable@@inseparable
pased==pasted@@passed@@phased@@paused@@parsed@@posed@@pawed@@paved@@payed@@paned@@paced@@paled@@pared@@paged@@based@@cased@@eased@@pase
reccomended==
weaponary==weaponry
lackluster==
aquainted==acquainted
attrocities==atrocities
uneccesary==
pregnent==pregnant
let's==lets
spritual==spiritual
stubborness==stubbornness
graduatin==graduation@@graduating
ommitted==committed@@omitted
privat==private@@privet
htink==stink
aquisition==acquisition
purchaces==purchases
quizes==quizzes@@quires
inate==ingate@@inmate@@innate@@nate@@irate@@enate@@inane
novermber==november
pleasent==pleasant
lightyear==lightyear@@light year
vaccum==vacuum
desicions==
cought==caught@@fought@@cough@@sought@@bought@@coughs@@ought@@nought
experince==experience
wouldbe==would be
basketbal==basketball
sponsered==sponsored
convenant==conveniant@@covenant
allegience==allegiance
witheld==withheld
beleieve==believe
alwats==always
rela==relax@@relay@@reba@@reva@@rely@@lela@@vela@@rel@@bela@@rena
developemnt==
definetly==
forsaw==foresaw
foreward==foreword@@forward@@forewarn
photoes==photos@@photons
forgetten==forgotten
mischeif==
temperment==temperament
definately==definitely
unsuccesful==unsuccessful
slighly==slightly
daugher==daughter@@laugher
nazereth==nazareth
alwasy==
mortage==mortgage@@portage@@montage
comissions==commissions@@omissions
rythmic==rhythmic
impromtu==impromptu
unwarrented==unwarranted
resteraunt==
ocassion==
disapointing==disappointing
beuty==beauty@@betty
stiring==stirling@@stirring@@tiring@@siring@@staring@@storing@@string
offical==official
automaticly==
wher==where@@whey@@whew@@whee@@whet@@whir@@when@@weer@@her@@cher
pumkin==pumpkin
curch==church@@lurch@@burch
commisions==commissions
resturaunts==
knowlege==knowledge
polutes==pollutes@@solutes
disaproval==disapproval
alotted==allotted@@clotted@@plotted@@slotted@@blotted
negligable==negligible
adressed==addressed@@dressed
cheezy==wheezy@@cheeky@@cheesy@@cheery
unfortunatly==unfortunately
bulding==building@@bulging@@bulling@@bulking@@balding@@budding
occassions==occasions
officialy==officially@@officials@@official
agressively==aggressively
guages==
apperance==appearance
religous==religious
conected==convected@@connected
practicioners==practitioners
severly==severely@@beverly
aiport==airport
questoin==
protrayed==
alreayd==
commerical==
inappropiate==inappropriate
didnt==didn't@@didst@@dint
occurances==
acheived==
dumbell==dumbbell
defendents==dependents@@defendants
cappucino==cappuccino
parralel==
benefitting==benefiting
primarly==primarily@@primary
flamable==flammable
yeras==yeas@@eras
cemetary==cometary@@cemetery
electricty==electricity
embarasing==
appart==apart
noone==no one@@boone@@noose@@noon@@none
musci==musca
tthe==tithe@@﻿the@@the
somwhere==somewhere
feild==
annoints==anoints
couldnt==couldn't@@couldst
neccessary==necessary
completly==completely@@complexly
surviver==survivor@@survives@@survive@@survived
harrassing==harassing
scoll==scroll@@scold@@scowl@@scull@@coll
enviornment==
tommorrow==tomorrow
pronounciation==pronunciation
plagerism==
nto==onto@@into@@unto@@qto@@to@@no@@nth@@ito
agaisnt==
worshipper==worshipper@@worshippers@@worshipped@@worshiper
catepillar==caterpillar
halarious==hilarious
individualy==individually@@individuals@@individual
hapened==happened
decendants==descendants@@dependants@@defendants
satelite==satellite
gerkin==gherkin@@jerkin
aeriels==aerials
alot==aloft@@a lot@@allot@@alt@@blot@@alow@@plot@@clot@@lot@@slot@@aloe
shaddow==shadow
grls==girls@@gals@@gels@@gros@@grus@@gris@@urls
oportunity==opportunity
anniversar==anniversary
enflamed==inflamed
comparisions==comparisons
antartic==antarctic
whit==whit@@whist@@whits@@white@@what@@wit@@whim@@whip@@hit@@chit@@whet@@wait@@whir@@shit@@whig@@whin@@writ
athiest==athirst
tendancy==tenancy@@tendance@@tendency
pennisula==
alse==valse@@false@@also@@apse@@aloe@@alee@@ale@@arse@@else@@alae
owuld==
importamt==important
balence==balance@@valence
televison==television
managment==management
againnst==against
familair==
absolutly==absolutely
managable==manageable
comapny==
prarie==prairie
whic==which@@whim@@whip@@hic@@chic@@whit@@whir@@whig@@whin
suppossed==supposed
accoring==according
usefull==usefully@@useful
itis==it is@@titis@@mitis@@it's@@otis@@its@@ibis@@isis@@iris
stuggling==struggling@@smuggling@@snuggling
medeival==
intruduced==introduced
basebal==baseball
acheiving==
phillipines==
nessecary==
imagin==imagine@@imaging
devistating==devastating
rechargable==rechargeable
technolgy==technology
whn==whin@@when@@whf@@why@@who@@won@@wan@@win@@wen
forrest==forrest@@forest
simultanous==simultaneous
nwe==ewe@@owe@@we@@awe@@nae@@nee@@noe
int he==
permenant==
insistance==insistence
reseach==research
moutains==mountains
nwo==two@@no@@iwo
smae==mae
whant==what@@thant@@chant@@want
permenantly==
yeild==
diea==diva@@diem@@dies@@die@@diet@@died@@dina
doubtfull==doubtfully@@doubtful
populer==popular
minature==miniature
greatful==
wih==with@@wish@@wis@@wiz@@wit@@wig@@wii@@win
reveiwing==
ocasional==occasional
communites==communities
nonsence==nonsense
forwrd==forward
beaurocracy==
indentification==identification
extention==extension
omelete==omelette
occured==occurred
incredable==incredible
omelets==
amoung==amount@@among
sufferring==suffering
compatability==compatibility@@computability@@comparability
truely==truly
descisions==decisions
priveleges==privileges
wardobe==wardrobe
passangers==passengers
arguement==argument
carmel==carmel@@caramel@@carmelo@@carmela@@camel@@carpel@@cartel@@carrel@@carvel@@carmen
succesion==succession
beginnig==beginning
thsoe==
souvenier==souvenir
geniune==
insurence==insurgence@@insurance
gettin==getting
wensday==
commision==commission
ettiquette==etiquette
forcast==forecast
fromthe==from the
tolerence==tolerance
chrsitmas==
dispite==dispute@@despite
itwas==it was@@twas
decieve==
swiming==swimming@@swiping
reccomendations==
boxs==boxes@@boxy@@box@@bxs@@bogs@@boss@@bots@@bows@@boys@@bobs@@boos@@bops@@boas@@bods@@bors
officaly==
veiw==veil@@vein
childern==
catagory==category
reasearch==research
interferance==interference
useage==usage
excisted==existed@@excited@@excised
unneccessary==unnecessary
abondoned==abandoned
lonly==lonely@@lowly@@lolly@@only@@lonny
develope==developer@@developed@@develop@@develops
additonal==additional
excitment==excitement
turist==tourist@@purist@@jurist
ukelele==ukulele
nutritent==nutriment@@nutrient
transfering==transferring
formost==foremost@@formosa
thenew==the new
headquaters==headquarters
seh==seth@@sech@@sch@@shh@@ssh@@meh@@sea@@sec@@seq@@sep@@sew@@sex@@see@@set@@ser@@sem@@sen@@neh
sitll==sill
vell==veld@@bell@@yell@@well@@jell@@tell@@cell@@veal@@vel@@ell@@fell@@hell@@vela@@sell@@dell@@veil@@nell
droping==dropping@@drooping@@groping@@doping@@roping@@draping@@droving@@droning
farenheit==fahrenheit
aganist==agonist
officals==officials
thoughout==throughout
vist==vista@@visit@@vast@@visa@@kist@@gist@@wist@@cist@@vest@@hist@@fist@@list@@vise@@dist@@mist
ealier==earlier@@easier
breif==brei
wille==willed@@willet@@willie@@willy@@willa@@wilde@@wile@@will@@wills@@lille
illess==illness
altough==although
dissappoint==disappoint
spainish==spanish
auther==author@@aether@@luther@@anther@@uther
lightyears==light years@@lightyear
orginally==originally
annointing==anointing
convienient==convenient
questionaire==questionnaire
offic==office
fora==fora@@for a@@foray@@flora@@bora@@cora@@mora@@fork@@ford@@hora@@ora@@sora@@lora@@fort@@for@@fra@@fore@@dora@@nora@@form
missle==missile
possibily==possibly
differant==different
woh==wok@@wow@@wop@@ooh@@woo@@wot@@won@@wog@@doh@@woe
mischevious==
breat==breath@@breast@@brett@@bread@@break@@great@@treat@@bleat@@beat@@brat@@bret@@brest@@bream@@brent
premeire==
saftey==
changable==changeable
assymetric==
miltary==military@@miliary
possibile==possible
axillary==axillary@@maxillary
controling==controlling
pallete==pallette@@pallet@@pallets
freind==
requirment==requirement
tomorow==tomorrow
jewelery==jewellery@@jewelry
afternon==afternoon
anomolous==anomalous
fianlly==
discribing==describing
theese==therese@@cheese@@these@@thees
transfered==transferred@@transferee
pursuade==persuade
possibilty==possibility
amung==among@@mung
whta==whoa
occurrance==occurrence
flouride==
achievment==achievement
sattelites==
beutiful==beautiful
assasinations==assassinations
absense==absence
anyhwere==
effeciency==efficiency
ocassions==
ballon==ballon@@balloon@@ballot@@billon@@gallon
aquaintance==acquaintance
bannana==bandana@@banana
reconize==recognize
increadible==incredible
aroud==around@@aloud@@proud
wern't==weren't
vaccuum==vacuum
sandwhiches==sandwiches
gramatically==grammatically@@dramatically
acedemic==academic
amatuer==
stuning==stunting@@stunning@@stoning@@tuning
opthamologist==
realy==realty@@really@@reply@@rely@@realm@@reals@@ready@@mealy@@real
tyrany==tyranny@@tyrant
oneof==one of
seperate==separate
hounour==honour
posses==posses@@possess@@posse@@tosses@@losses@@passes@@bosses@@pisses@@mosses@@pusses@@poses@@posies
tryed==toyed@@treed@@trued@@tried
improvment==improvement
reccomends==
theives==thrives
experiance==experience
philosphical==philosophical
presense==presence
equivalant==equivalent
exagerating==exaggerating
challanges==challenges
excercise==exercise
assualt==
assasins==assassins
studnet==
sattelite==
artcile==
hindrence==hindrance
arond==around@@aron@@frond
reknowned==renowned
pyscho==
weilding==wilding@@welding
challanged==challenged
cielings==
engagment==engagement
legitmate==legitimate
archtype==archetype
scrutinity==
millitary==military
baskeball==basketball@@baseball
carnaval==carnival
januray==
percieve==
unrepentent==unrepentant
ahve==ave
irregardless==irregardless
distruction==destruction@@distraction
omlettes==omelettes
frends==friends@@fiends@@fends@@trends@@rends@@fronds
dissappear==disappear
cincinatti==
comprimise==compromise
psyhic==psychic
steriods==
austrailian==australian
orginization==organization
contempory==
eather==weather@@heather@@leather@@feather@@esther@@cather@@bather@@gather@@mather@@rather@@lather@@father@@either@@eater@@ether
omlette==omelette
busines==business@@busies
frend==friend@@freud@@fred@@freed@@fiend@@trend@@rend@@fend@@fremd@@frond
discoverd==discovered@@discovery@@discovers@@discover
stange==strange@@stage@@stance@@stane@@stang
prooved==grooved@@proofed@@proved
amature==armature@@mature
truley==truly
unchangable==unchangeable
relavent==
massachussetts==massachusetts
perscription==
successfuly==successfully@@successful
whther==whether@@whither@@wether@@wither
intial==initial
intertaining==entertaining@@intertwining
themself==
sucess==success
overthere==over there
calenders==calenders@@calendars@@calender
guidence==guidance
successfull==successfully@@successful
mantain==maintain
acumulate==accumulate@@cumulate
amde==amide@@aide@@amie@@aude
exerpt==excerpt@@exempt@@exert
practicly==
hvae==hae
smoe==smote@@smoke@@moe@@sloe@@shoe@@smog
souveniers==souvenirs
naugty==naughty
iresistable==
politican==politician@@political
portait==portrait
mackeral==mackerel
togehter==
fouth==fourth@@youth@@south@@louth@@mouth@@forth
mayonaise==mayonnaise
jsut==jut
asteriod==
especialy==especially@@especial
amaizing==amazing
achivement==achievement
opinoin==
chaneg==chaney@@chanel@@chang
concious==conscious
hristmas==christmas
plagarism==plagiarism
excercised==exercised
neigbor==neighbor
cannister==bannister@@canister
uphil==uphill@@phil
fwe==fwy@@fwd@@ewe@@owe@@we@@fee@@foe@@awe@@fie
tendacy==
excercises==exercises
recogize==recognize
produc==product@@produce
aproximate==approximate@@proximate
wya==wyo@@pya@@wye@@rya
spoonfulls==spoonfuls
protaganists==protagonists
comitted==committed@@omitted
correspondants==correspondents
sicne==sine
modle==module@@moyle@@mole@@mode
probablly==probably
acheive==
comittee==committee
infectuous==infectious
triology==trilogy
arrangment==arrangement
eldery==elderly@@elders@@elder
of==of@@off@@oof@@oft@@oaf@@on@@if@@or
suprised==surprised
techinques==
throug==through@@throng
responsable==responsible
exicting==exacting@@evicting@@existing@@exiting
incompatabilities==incompatibilities
coudln't==
phot==phot@@photo@@phots@@pho@@shot@@hot@@pot@@phat@@plot@@prot@@phon
overthe==over the
distructive==destructive
marshmellow==marshmallow
playe==played@@player@@playa@@place@@plate@@play@@plays@@plane
acused==accused@@abused@@amused
hapens==happens@@havens
ommitting==committing@@omitting
russion==russian
opportunites==opportunities
neighborhod==neighborhood
ames==james@@hames@@tames@@games@@sames@@lames@@dames@@names@@mes@@amos@@amps@@aces@@apes@@aves@@axes@@ayes@@awes@@ales@@ages@@ares@@amis@@amer@@amen
decend==descend@@decent@@depend@@defend
correspondant==correspondent
decribes==describes@@decries
beatiful==beautiful
appropiate==appropriate
startegy==
extremly==extremely
caterpilars==caterpillars
bouyancy==
dissapeared==
sucide==suicide
ther==their@@ether@@other@@there@@therm@@uther@@thur@@thor@@thew@@they@@thee@@thea@@the@@thar@@them@@tver@@tier@@then@@ter@@her@@cher
decribed==described@@decried
agrieved==aggrieved@@grieved
devide==divide@@devise@@device@@decide@@deride
obssessed==obsessed
throughly==thoroughly
devasted==
challege==challenge
conviced==convicted@@convinced
involvment==involvement
helpped==helped
abscence==absence
abreviated==abbreviated
everthing==everything
facilites==facilities
peice==peirce@@pice@@peace@@price@@pence
exemple==example@@exempla
psuedo==
includ==include
possesions==possessions
survivers==survivors@@survives
expell==expels@@expel
commericial==commercial
unconcious==unconscious
enviroment==environment
mashine==machine@@mashing
reffered==
fourty==fourth@@forty
practially==practically
ceromony==ceremony
efficently==efficiently
burried==hurried@@buried@@curried@@berried
exept==except@@exempt@@exert
oppossed==opposed
recomended==recommended
sould==should@@souled@@skuld@@would@@could@@soult@@soul@@gould@@sold@@souls@@mould@@sound
muzic==music
psycology==psychology@@phycology
febuary==february
lybia==lycia@@labia@@libia@@lydia
threatend==threatened@@threatens@@threaten
comandos==commandos
avalable==available
certian==
mkaing==
discribes==describes
tyhe==tyche@@tyne@@tyke@@type@@tyre@@the
tounge==lounge
recompence==recompense@@recommence
signficant==significant
wich==witch@@which@@winch@@with@@wick@@wish@@mich@@rich
mesage==message@@menage
referrence==reference
torpedos==torpedoes@@torpedo
equiped==equipped
differnt==different
christmass==christmases@@christmas
relevent==relevant
advertisment==advertisement
protaganist==protagonist
overwelming==overwhelming
accros==
embarass==embarrass
sufficiant==sufficient
troup==troupe@@croup@@group@@roup@@tromp@@troop@@trout
assasinate==assassinate
neverthless==nevertheless
noisey==nosey@@noisy@@noises@@noise@@noised
agression==aggression
willbe==will be@@willie
possiblity==possibility
liklihood==likelihood
buddah==
vacinity==vicinity
likelyhood==likelihood
candiate==candidate
extrememly==extremely
amke==amie
brest==brest@@breast@@barest@@brett@@wrest@@crest@@rest@@best@@bret@@brent
threshhold==threshold
rythm==rhythm
concidered==considered
saterday==saturday
disapoint==disappoint
constuction==construction
hankerchief==handkerchief
assualted==
aprox==approx@@prox@@apron
ressurrection==resurrection
possiblilty==
studing==studying@@studding
dicussed==discussed
avilable==available
useing==using
hieghts==
witht==with@@withy@@wight@@witt@@withe
liek==lick@@leek@@lek@@lies@@lieu@@lief@@lied@@lie@@link@@lien
reccomend==
assasination==assassination
furneral==funeral
inadvertantly==inadvertently
cotten==cotton@@gotten@@cotter@@rotten
practicaly==practicably@@practically@@practicals@@practical
frolick==frolics@@frolic
ws==was@@wis@@as@@we@@is@@us
withh==witch@@with@@withy@@withe
hatian==haitian
assit==assist@@assiut@@asst@@asset
withe==withe@@wither@@writhe@@with@@wite@@withy@@tithe@@lithe
clasical==classical
resaurant==restaurant
calender==calender@@calenders@@calendar
convertable==convertible
witha==withal@@with a@@with@@withy@@withe
irresistable==irresistible
aquisitions==acquisitions
shoudl==
rigourously==rigorously
newpapers==newspapers
populaton==population
stong==strong@@stone@@stony@@stung@@stang@@tong@@soong@@song@@sting
convienent==
targetting==targeting
analagous==analogous
embarassed==embarrassed
vacatio==vacation
yoiu==you
isthe==is the@@isth
adviced==advices@@advice@@advised
carreer==career@@carrier
extemely==extremely
consentrate==concentrate
sacrafice==sacrifice
assitant==assistant
mountian==
loosing==loosing@@looping@@looking@@looting@@losing@@looming
wheras==whereas@@wheres
youself==yourself
symetrically==symmetrically
diferent==different@@deferent
lazer==blazer@@glazer@@lazier@@lazar@@lazed@@laze@@lacer@@laxer@@hazer@@laver@@gazer@@layer@@later@@laker@@mazer@@laser@@lager@@lamer
stomache==stomach@@stomachs
supose==suppose
guarenteed==guaranteed
ingenius==ingenious
inclding==including
trafic==traffic@@tragic
thne==thane@@thine@@tyne@@tone@@thee@@the@@tine@@tune
peformed==preformed@@performed@@deformed@@reformed
desicion==
staion==station@@stain
univeristy==
statment==statement
conserned==conserved@@concerned
developement==development
responsability==responsibility
artic==arctic@@aortic@@attic@@antic@@artie
otu==btu@@stu@@utu
adminstration==administration
meditteranean==
bulying==bullying@@busying@@bulging@@bulling@@bulking@@buying@@belying@@burying
heiroglyphics==
intelectual==intellectual
interpet==interpret@@internet
nowdays==nowadays
suceed==succeed@@sucked
traffi==traffic
secnd==second@@send
sandwhich==sandwich
independant==independent
neice==nice
knwo==
belive==believe@@belize@@belike@@belie@@relive
milage==mileage@@millage@@silage@@mirage
divison==division@@divisor
exagerated==exaggerated
haev==hae@@haem
appology==apology
efficent==efficient
vegitable==vegetable@@veritable
receeding==reseeding@@receding
suppoed==supposed@@supped
disign==design
representive==
withold==withhold
wiht==wight@@witt@@wit@@wilt@@wist
peronal==personal
alway==galway@@always@@away@@allay@@elway@@amway
tyhat==that
rennovation==renovation
prestigeous==prestigious
similiar==similar
knw==know@@knew@@knt@@kew
backrounds==backgrounds
reconized==recognized
dimention==dimension
thiunk==thunk@@think
thru==thru@@thrum@@thou@@thu
broady==broadly@@broody@@broad@@broads@@brady
addmission==admission
incompetance==incompetence
influencial==influential
didint==
refering==referring@@revering
relativly==relatively
pursuaded==persuaded
dimentions==dimensions
disapointed==disappointed
uninterupted==uninterrupted
dependancy==dependency
durring==purring@@furring@@during
sentance==sentence
lanugage==
saught==taught@@caught@@sought@@aught
neccesarily==
oppotunities==opportunities
informatoin==
colleg==college@@collet
consolodated==consolidated
asthetically==aesthetically
collee==college@@colleen@@collet@@coulee@@collie
pharoah==
religously==religiously
surounding==surrounding
duting==ducting@@dusting@@outing@@duping@@doting@@dating@@muting@@during
buisness==
kindergarden==kindergarten
instaleld==
weas==wears@@was@@webs@@wets@@wees@@weds@@weak@@weal@@yeas@@meas@@peas@@leas@@seas@@teas@@wear@@wean@@wens
crucifiction==
manufatured==manufactured
perogative==prerogative
beween==between
comitting==committing@@omitting
arround==aground@@around
makse==make@@manse
futher==further@@father@@luther@@uther
frinds==friends@@finds@@fronds@@grinds@@rinds
noth==notch@@north@@goth@@coth@@both@@not@@doth@@moth@@nth@@note@@roth@@nosh@@noah@@neth
wokring==
ecomomy==economy
committments==commitments
ammendment==amendment
sucessful==successful
ganster==gangster
agressive==aggressive
equivelant==
capetown==capetown@@cape town
opose==oppose@@pose
reccommend==recommend
coud==could@@cloud@@coup@@cold@@loud@@oud@@cud@@crud@@cord@@cod@@coed
dependance==dependence
occationally==occasionally
thta==theta@@thea
thesame==the same
themselfs==
conveyer==conveyor@@conveyed@@convener
expalin==
diaster==disaster
muisc==misc
wthout==without
artical==
considerd==considered@@considers@@consider
camoflage==camouflage
equialent==equivalent
collge==college@@collage@@collie
bretheren==brethren
hygene==hygiene
collectable==collectable@@collectables@@collectible
brittish==british
thsi==thai
devestated==devastated
